2020-03-05T15:21:01.761Z,4.217629432678223,0.8286768198013306,8.92144775390625,false
2020-03-05T15:21:01.915Z,5.72888708114624,0.5029541254043579,9.632768630981445,false
2020-03-05T15:21:02.017Z,7.232959270477295,-0.1987866312265396,7.793394088745117,false
2020-03-05T15:21:02.164Z,8.349038124084473,-0.07903564721345901,6.397097587585449,false
2020-03-05T15:21:02.327Z,2.581831216812134,-1.0825488567352295,3.3194971084594727,false
2020-03-05T15:21:02.498Z,10.557246208190918,-1.1879297494888306,4.29187536239624,false
2020-03-05T15:21:02.657Z,21.339624404907227,3.9541773796081543,7.34552526473999,false
2020-03-05T15:21:02.828Z,-1.231040120124817,-0.3927832245826721,-0.1844165176153183,false
2020-03-05T15:21:03.000Z,2.842888355255127,1.4298267364501953,2.835703134536743,false
2020-03-05T15:21:03.165Z,7.752678394317627,5.954018592834473,1.3316309452056885,false
2020-03-05T15:21:03.330Z,5.913303375244141,-4.835544586181641,4.01165771484375,false
2020-03-05T15:21:03.486Z,3.2883620262145996,-4.382885932922363,2.833308219909668,false
2020-03-05T15:21:03.649Z,8.669971466064453,5.094206809997559,2.823728084564209,false
2020-03-05T15:21:03.816Z,20.38640785217285,4.84991455078125,6.82101583480835,false
2020-03-05T15:21:04.002Z,23.684349060058594,-7.247329235076904,4.684658527374268,false
2020-03-05T15:21:04.159Z,27.293643951416016,3.460803270339966,6.840176105499268,false
2020-03-05T15:21:04.318Z,3.5781593322753906,7.232959270477295,6.528823375701904,false
2020-03-05T15:21:04.487Z,16.49689483642578,4.708608627319336,7.422165870666504,false
2020-03-05T15:21:04.657Z,5.106181621551514,-5.910908222198486,3.820056200027466,false
2020-03-05T15:21:04.816Z,0.4191284477710724,-1.7675244808197021,0.31614258885383606,false
2020-03-05T15:21:04.986Z,24.182514190673828,-7.759863376617432,8.600515365600586,false
2020-03-05T15:21:05.136Z,22.16590690612793,-2.9578492641448975,6.045029640197754,false
2020-03-05T15:21:05.297Z,18.012943267822266,0.5316943526268005,6.473738193511963,false
2020-03-05T15:21:05.459Z,18.81287956237793,1.027463436126709,5.455854892730713,false
2020-03-05T15:21:05.628Z,24.333398818969727,6.835385799407959,3.939807415008545,false
2020-03-05T15:21:05.792Z,23.21731948852539,8.509504318237305,14.15217113494873,false
2020-03-05T15:21:05.959Z,18.568586349487305,0.43110352754592896,11.450589179992676,false
2020-03-05T15:21:06.125Z,1.171164631843567,-3.532654047012329,1.2190649509429932,false
2020-03-05T15:21:06.292Z,2.852468490600586,-5.079836845397949,1.7866846323013306,false
2020-03-05T15:21:06.458Z,6.617439270019531,-3.6955153942108154,5.336103916168213,false
2020-03-05T15:21:06.625Z,21.70366859436035,-3.731440544128418,8.210126876831055,false
2020-03-05T15:21:06.793Z,15.112573623657227,2.486030340194702,4.1912841796875,false
2020-03-05T15:21:06.964Z,18.194963455200195,5.501359939575195,12.78940486907959,false
2020-03-05T15:21:07.138Z,-1.781894564628601,3.5374441146850586,0.5340893864631653,false
2020-03-05T15:21:07.301Z,-7.553892135620117,-1.6884888410568237,-1.2166699171066284,false
2020-03-05T15:21:07.459Z,11.754755973815918,1.590293049812317,5.07025671005249,false
2020-03-05T15:21:07.635Z,1.1280542612075806,6.045029640197754,0.8622070550918579,false
2020-03-05T15:21:07.794Z,3.6380348205566406,7.268884658813477,4.61041259765625,false
2020-03-05T15:21:07.959Z,39.34059143066406,3.4057178497314453,17.27527618408203,false
2020-03-05T15:21:08.127Z,-5.288203239440918,-0.907712459564209,-1.9806811809539795,false
2020-03-05T15:21:08.295Z,-1.1759546995162964,-2.572251081466675,1.6046631336212158,false
2020-03-05T15:21:08.458Z,1.1208691596984863,-2.3806495666503906,4.428391456604004,false
2020-03-05T15:21:08.633Z,7.379055500030518,1.4130616188049316,6.718029975891113,false
2020-03-05T15:21:08.792Z,13.189373016357422,3.7290456295013428,4.7900390625,false
2020-03-05T15:21:08.965Z,19.08112144470215,2.2273683547973633,15.179634094238281,false
2020-03-05T15:21:09.125Z,-2.9267139434814453,4.636757850646973,1.3244458436965942,false
2020-03-05T15:21:09.303Z,-2.076482057571411,2.057321786880493,0.24668702483177185,false
2020-03-05T15:21:09.461Z,1.0538086891174316,-3.671565055847168,2.495610475540161,false
2020-03-05T15:21:09.625Z,3.024909734725952,-4.780459403991699,3.5182838439941406,false
2020-03-05T15:21:09.794Z,9.524992942810059,-3.2356715202331543,4.919370174407959,false
2020-03-05T15:21:09.959Z,13.292359352111816,-5.544470310211182,5.942043781280518,false
2020-03-05T15:21:10.126Z,7.925119876861572,-1.25259530544281,5.417534351348877,false
2020-03-05T15:21:10.292Z,11.285332679748535,0.4239184856414795,5.90851354598999,false
2020-03-05T15:21:10.459Z,29.719799041748047,-1.3172607421875,10.973979949951172,false
2020-03-05T15:21:10.625Z,13.323493957519531,0.6490502953529358,7.961045265197754,false
2020-03-05T15:21:10.792Z,0.9987232089042664,6.753955364227295,4.282295227050781,false
2020-03-05T15:21:10.958Z,11.77152156829834,4.684658527374268,5.72888708114624,false
2020-03-05T15:21:11.125Z,18.673967361450195,5.522915363311768,7.606582164764404,false
2020-03-05T15:21:11.292Z,9.055569648742676,-0.34727784991264343,4.198469638824463,false
2020-03-05T15:21:11.458Z,4.806804180145264,-0.8837622404098511,3.772156000137329,false
2020-03-05T15:21:11.625Z,3.7553908824920654,-3.180586099624634,2.304008960723877,false
2020-03-05T15:21:11.795Z,7.448511123657227,-1.4082715511322021,0.6346802115440369,true
2020-03-05T15:21:11.959Z,7.403005599975586,-6.543193817138672,-2.0621118545532227,true
2020-03-05T15:21:12.125Z,-8.868757247924805,-7.326364994049072,-3.1877710819244385,true
2020-03-05T15:21:12.292Z,16.31726837158203,-3.8751418590545654,5.331313610076904,true
2020-03-05T15:21:12.459Z,30.182037353515625,4.54574728012085,8.969348907470703,true
2020-03-05T15:21:12.625Z,8.085586547851562,-1.147214412689209,10.787168502807617,true
2020-03-05T15:21:12.792Z,-7.151528835296631,-3.1183154582977295,-5.170847415924072,false
2020-03-05T15:21:12.959Z,6.013894081115723,-5.470224857330322,1.386716365814209,false
2020-03-05T15:21:13.125Z,16.43701934814453,2.555485963821411,6.071374893188477,false
2020-03-05T15:21:13.292Z,5.817502498626709,1.3148658275604248,5.38400411605835,false
2020-03-05T15:21:13.459Z,1.051413655281067,-3.5350489616394043,0.9891431331634521,false
2020-03-05T15:21:13.625Z,3.0081446170806885,-4.076323509216309,0.3640429973602295,false
2020-03-05T15:21:13.792Z,15.311360359191895,-0.8310717940330505,3.1470558643341064,false
2020-03-05T15:21:13.959Z,17.876426696777344,3.0057497024536133,7.625742435455322,false
2020-03-05T15:21:14.129Z,4.536167144775391,3.1997461318969727,5.376819133758545,false
2020-03-05T15:21:14.292Z,7.908354759216309,-2.2513184547424316,1.5567628145217896,false
2020-03-05T15:21:14.459Z,-41.92242431640625,-7.266489505767822,-12.710369110107422,true
2020-03-05T15:21:14.625Z,-27.94269371032715,-6.7491655349731445,-18.987714767456055,true
2020-03-05T15:21:14.792Z,-36.46417236328125,-7.64490270614624,-9.987232208251953,true
2020-03-05T15:21:14.959Z,17.141155242919922,-3.482358455657959,3.3075220584869385,true
2020-03-05T15:21:15.125Z,35.58999252319336,8.265213012695312,14.408437728881836,true
2020-03-05T15:21:15.292Z,54.40766143798828,-13.62766170501709,34.950523376464844,true
2020-03-05T15:21:15.458Z,7.28564977645874,-5.039121150970459,3.992497682571411,false
2020-03-05T15:21:15.625Z,1.61184823513031,0.4550537168979645,0.8454419374465942,false
2020-03-05T15:21:15.792Z,0.6753955483436584,-2.0716919898986816,-0.31614258885383606,false
2020-03-05T15:21:15.958Z,13.165423393249512,-3.9086720943450928,6.061794757843018,false
2020-03-05T15:21:16.125Z,10.099798202514648,1.8944605588912964,4.11224889755249,false
2020-03-05T15:21:16.292Z,12.087663650512695,-1.1759546995162964,3.1566357612609863,false
2020-03-05T15:21:16.458Z,6.040239334106445,7.676037788391113,4.533771991729736,false
2020-03-05T15:21:16.625Z,8.267607688903809,-0.6083349585533142,4.567302227020264,false
2020-03-05T15:21:16.792Z,6.224656105041504,-2.9698243141174316,1.8226099014282227,false
2020-03-05T15:21:16.958Z,17.553098678588867,0.9196875095367432,9.56570816040039,false
2020-03-05T15:21:17.125Z,8.818462371826172,4.660708427429199,4.038002967834473,false
2020-03-05T15:21:17.292Z,10.990745544433594,0.9963281750679016,7.582632064819336,false
2020-03-05T15:21:17.459Z,1.1663745641708374,-1.4585669040679932,3.2883620262145996,false
2020-03-05T15:21:17.625Z,4.701423645019531,-1.3316309452056885,1.6046631336212158,false
2020-03-05T15:21:17.792Z,20.530107498168945,2.902763843536377,7.153923511505127,false
2020-03-05T15:21:17.959Z,6.718029975891113,1.1496094465255737,5.786367416381836,false
2020-03-05T15:21:18.125Z,0.3041674792766571,-0.8526269793510437,1.4250366687774658,false
2020-03-05T15:21:18.292Z,11.359578132629395,-4.155359268188477,3.1997461318969727,false
2020-03-05T15:21:18.460Z,5.625901222229004,-2.953059196472168,5.764812469482422,false
2020-03-05T15:21:18.625Z,10.255474090576172,-1.9639160633087158,7.144343376159668,false
2020-03-05T15:21:18.792Z,8.619675636291504,-2.3183789253234863,3.8535866737365723,false
2020-03-05T15:21:18.959Z,11.888877868652344,-1.0825488567352295,5.218747615814209,false
2020-03-05T15:21:19.125Z,22.640121459960938,1.0969189405441284,8.243657112121582,false
2020-03-05T15:21:19.292Z,15.81910514831543,2.0094215869903564,11.723621368408203,false
2020-03-05T15:21:19.459Z,0.71611088514328,2.773432731628418,-0.3185376226902008,false
2020-03-05T15:21:19.625Z,7.975415229797363,2.44531512260437,0.007185058668255806,false
2020-03-05T15:21:19.792Z,8.281977653503418,-3.142265796661377,2.663261890411377,false
2020-03-05T15:21:19.958Z,14.23599624633789,1.1783496141433716,12.442127227783203,false
2020-03-05T15:21:20.125Z,-14.477893829345703,-0.9795630574226379,-10.286609649658203,false
2020-03-05T15:21:20.292Z,7.558681964874268,-4.358935832977295,9.55612850189209,false
2020-03-05T15:21:20.459Z,12.925920486450195,-5.139712333679199,3.060835123062134,false
2020-03-05T15:21:20.625Z,17.744701385498047,-10.226734161376953,4.114643573760986,false
2020-03-05T15:21:20.792Z,6.164780616760254,-1.0346485376358032,4.404440879821777,false
2020-03-05T15:21:20.959Z,9.845925331115723,-0.1939965933561325,4.660708427429199,false
2020-03-05T15:21:21.125Z,25.950037002563477,-2.763852596282959,12.015813827514648,false
2020-03-05T15:21:21.292Z,13.69711685180664,-0.004790039267390966,10.248289108276367,false
2020-03-05T15:21:21.458Z,-7.0485429763793945,-0.8981323838233948,-7.2401442527771,false
2020-03-05T15:21:21.625Z,9.110654830932617,-4.627177715301514,4.701423645019531,false
2020-03-05T15:21:21.792Z,27.13557243347168,-14.441967964172363,16.772321701049805,false
2020-03-05T15:21:21.959Z,-1.2166699171066284,-2.5890161991119385,-4.133803844451904,false
2020-03-05T15:21:22.125Z,6.176755428314209,0.3736230731010437,3.951782464981079,false
2020-03-05T15:21:22.292Z,7.793394088745117,0.1987866312265396,5.8414530754089355,false
2020-03-05T15:21:22.459Z,4.902605056762695,-1.9232007265090942,0.32093262672424316,false
2020-03-05T15:21:22.625Z,8.634045600891113,0.5269043445587158,3.4152979850769043,false
2020-03-05T15:21:22.792Z,18.93263053894043,-1.243015170097351,12.85886001586914,false
2020-03-05T15:21:22.959Z,-0.44068360328674316,-0.6203100681304932,-2.6704468727111816,false
2020-03-05T15:21:23.125Z,-1.3603711128234863,-2.5914113521575928,-5.5636305809021,false
2020-03-05T15:21:23.292Z,4.708608627319336,-2.1986279487609863,3.7458107471466064,false
2020-03-05T15:21:23.459Z,-5.36963415145874,0.38080811500549316,0.6610254049301147,false
2020-03-05T15:21:23.625Z,-0.6035449504852295,2.823728084564209,3.432063102722168,false
2020-03-05T15:21:23.792Z,19.332597732543945,-1.2262500524520874,10.605147361755371,false
2020-03-05T15:21:23.959Z,4.548142433166504,-1.8705103397369385,5.213957786560059,false
2020-03-05T15:21:24.125Z,-0.5245093107223511,-3.6188745498657227,0.4646338224411011,false
2020-03-05T15:21:24.292Z,3.0201196670532227,-1.8034497499465942,0.6514453291893005,false
2020-03-05T15:21:24.459Z,11.510464668273926,-3.3051271438598633,5.273833274841309,false
2020-03-05T15:21:24.625Z,20.4774169921875,0.009580078534781933,9.15137004852295,false
2020-03-05T15:21:24.792Z,6.971902370452881,3.0584399700164795,4.1266188621521,false
2020-03-05T15:21:24.958Z,9.867481231689453,-2.543510913848877,5.66901159286499,false
2020-03-05T15:21:25.125Z,3.889511823654175,-0.9340576529502869,1.3220508098602295,false
2020-03-05T15:21:25.292Z,4.143383979797363,-0.6538403630256653,1.8010547161102295,false
2020-03-05T15:21:25.459Z,10.55964183807373,-4.749323844909668,7.153923511505127,false
2020-03-05T15:21:25.625Z,9.671089172363281,-0.9723779559135437,12.446916580200195,true
2020-03-05T15:21:25.792Z,19.4882755279541,-0.6251001358032227,11.215876579284668,true
2020-03-05T15:21:25.958Z,23.50232696533203,-2.562670946121216,8.32269287109375,true
2020-03-05T15:21:26.125Z,43.37141036987305,-1.0562036037445068,19.404449462890625,true
2020-03-05T15:21:26.292Z,-8.940608024597168,0.5053491592407227,-2.083667039871216,true
2020-03-05T15:21:26.458Z,-11.349998474121094,-5.348078727722168,-12.154725074768066,true
2020-03-05T15:21:26.625Z,5.312153339385986,-3.7290456295013428,2.9075539112091064,true
2020-03-05T15:21:26.792Z,-3.769760847091675,5.283413410186768,-1.865720272064209,true
2020-03-05T15:21:26.958Z,-26.26618003845215,-3.111130475997925,-17.653690338134766,true
2020-03-05T15:21:27.125Z,17.129180908203125,6.552773952484131,12.075689315795898,true
2020-03-05T15:21:27.292Z,78.47521209716797,-10.729687690734863,51.38035583496094,true
2020-03-05T15:21:27.458Z,-19.675086975097656,-1.3244458436965942,-2.701582193374634,true
2020-03-05T15:21:27.625Z,73.50794219970703,-24.54655647277832,29.418025970458984,true
2020-03-05T15:21:27.792Z,1.2094849348068237,-10.676997184753418,20.539688110351562,true
2020-03-05T15:21:27.958Z,27.111621856689453,-6.480923175811768,13.000166893005371,true
2020-03-05T15:21:28.125Z,35.20918273925781,-4.53137731552124,11.318862915039062,true
2020-03-05T15:21:28.292Z,43.340274810791016,1.4537769556045532,34.1290283203125,false
2020-03-05T15:21:28.458Z,11.01708984375,5.573210716247559,13.122312545776367,false
2020-03-05T15:21:28.625Z,6.44739294052124,-2.665656805038452,1.3891113996505737,true
2020-03-05T15:21:28.792Z,3.7745509147644043,-0.021555176004767418,11.108100891113281,true
2020-03-05T15:21:28.958Z,68.90471649169922,-15.476616859436035,37.38865280151367,true
2020-03-05T15:21:29.125Z,18.78653335571289,-5.218747615814209,34.7852668762207,true
2020-03-05T15:21:29.292Z,12.561878204345703,-2.2082080841064453,-8.16462230682373,true
2020-03-05T15:21:29.458Z,-26.14882469177246,-2.093247175216675,-9.42200756072998,true
2020-03-05T15:21:29.625Z,32.545921325683594,-5.795947551727295,17.21540069580078,true
2020-03-05T15:21:29.792Z,53.62688446044922,-6.722820281982422,37.8029899597168,true
2020-03-05T15:21:29.958Z,-64.0404281616211,-2.155517578125,-8.425679206848145,true
2020-03-05T15:21:30.125Z,3.939807415008545,13.749807357788086,-1.422641634941101,true
2020-03-05T15:21:30.292Z,11.9655179977417,-2.332749128341675,0.7113208174705505,false
2020-03-05T15:21:30.458Z,7.4796462059021,-5.01038122177124,1.1807446479797363,false
2020-03-05T15:21:30.625Z,14.77966594696045,1.1352393627166748,4.660708427429199,false
2020-03-05T15:21:30.792Z,20.345691680908203,-0.6801855564117432,9.347761154174805,false
2020-03-05T15:21:30.958Z,12.91873550415039,-9.398056983947754,3.9445972442626953,false
2020-03-05T15:21:31.125Z,14.911392211914062,11.563155174255371,-1.0969189405441284,false
2020-03-05T15:21:31.292Z,29.0803279876709,-0.6370752453804016,18.360219955444336,false
2020-03-05T15:21:31.458Z,-15.986756324768066,-4.119433879852295,-9.321416854858398,false
2020-03-05T15:21:31.625Z,-0.5771997570991516,7.76465368270874,2.1004321575164795,false
2020-03-05T15:21:31.792Z,22.06052589416504,2.016606569290161,14.18091106414795,false
2020-03-05T15:21:31.958Z,2.7207422256469727,3.1590309143066406,0.05748046934604645,false
2020-03-05T15:21:32.125Z,7.745493412017822,-0.05748046934604645,6.595883846282959,false
2020-03-05T15:21:32.292Z,23.504722595214844,-6.732400417327881,10.16446304321289,false
2020-03-05T15:21:32.458Z,-0.9651929140090942,-2.7590625286102295,4.220024585723877,false
2020-03-05T15:21:32.625Z,-2.2513184547424316,-1.3555811643600464,-0.16286133229732513,false
2020-03-05T15:21:32.792Z,9.192085266113281,-2.775827646255493,6.3803324699401855,false
2020-03-05T15:21:32.958Z,11.2470121383667,-3.9254372119903564,5.460644721984863,false
2020-03-05T15:21:33.125Z,16.781902313232422,2.672842025756836,7.122788429260254,false
2020-03-05T15:21:33.292Z,15.752043724060059,6.116879940032959,11.314072608947754,false
2020-03-05T15:21:33.458Z,13.495935440063477,4.449946403503418,5.963598728179932,false
2020-03-05T15:21:33.625Z,9.019643783569336,3.3745827674865723,8.89749813079834,false
2020-03-05T15:21:33.792Z,10.28421401977539,-1.4082715511322021,6.6892900466918945,false
2020-03-05T15:21:33.959Z,13.139078140258789,3.7889211177825928,6.284531593322754,false
2020-03-05T15:21:34.125Z,16.20709800720215,2.38543963432312,13.117522239685059,false
2020-03-05T15:21:34.350Z,23.418502807617188,-2.692002058029175,10.847043991088867,false
2020-03-05T15:21:34.517Z,11.299702644348145,0.6801855564117432,5.379214286804199,false
2020-03-05T15:21:34.680Z,-11.06259536743164,-4.373305797576904,-6.811435699462891,false
2020-03-05T15:21:34.845Z,7.709568023681641,1.1663745641708374,3.8583767414093018,false
2020-03-05T15:21:35.004Z,30.969999313354492,-9.800420761108398,10.212363243103027,false
2020-03-05T15:21:35.189Z,11.673325538635254,0.41673341393470764,2.0213966369628906,false
2020-03-05T15:21:35.359Z,-1.101709008216858,-6.064189910888672,-2.4668703079223633,false
2020-03-05T15:21:35.512Z,1.1951148509979248,-4.8834452629089355,-0.5676196813583374,false
2020-03-05T15:21:35.675Z,23.190975189208984,-6.416257381439209,5.451064586639404,false
2020-03-05T15:21:35.847Z,10.741662979125977,2.5411157608032227,2.083667039871216,false
2020-03-05T15:21:36.014Z,12.269685745239258,9.0914945602417,2.874023675918579,false
2020-03-05T15:21:36.174Z,18.144668579101562,5.403164386749268,8.92144775390625,false
2020-03-05T15:21:36.339Z,17.040565490722656,0.8119116425514221,8.301137924194336,false
2020-03-05T15:21:36.508Z,-6.251001358032227,4.143383979797363,-4.71100378036499,false
2020-03-05T15:21:36.668Z,3.1757960319519043,-1.6597485542297363,-0.3400927782058716,false
2020-03-05T15:21:36.835Z,11.982283592224121,-8.17899227142334,2.8380982875823975,false
2020-03-05T15:21:37.002Z,7.973020553588867,-8.08319091796875,1.1759546995162964,false
2020-03-05T15:21:37.180Z,8.708291053771973,-5.8414530754089355,1.4897022247314453,false
2020-03-05T15:21:37.352Z,23.31791114807129,-0.5221142768859863,16.75076675415039,false
2020-03-05T15:21:37.491Z,-3.0273048877716064,8.789722442626953,-0.34248781204223633,false
2020-03-05T15:21:37.668Z,-6.579118728637695,-2.323168992996216,-3.3745827674865723,false
2020-03-05T15:21:37.830Z,7.546706676483154,-2.4788453578948975,5.865403175354004,false
2020-03-05T15:21:37.991Z,30.93886375427246,-3.9541773796081543,10.145302772521973,false
2020-03-05T15:21:38.159Z,4.722978591918945,5.676196575164795,-0.910107433795929,false
2020-03-05T15:21:38.337Z,2.5411157608032227,-5.657036304473877,0.8382568955421448,false
2020-03-05T15:21:38.502Z,-6.227051258087158,-4.380490779876709,-5.793552398681641,false
2020-03-05T15:21:38.665Z,1.6166383028030396,-1.1639795303344727,-1.3340259790420532,false
2020-03-05T15:21:38.840Z,9.079519271850586,0.7209008932113647,2.723137378692627,false
2020-03-05T15:21:39.007Z,20.2067813873291,-9.194479942321777,3.300337076187134,false
2020-03-05T15:21:39.174Z,17.205821990966797,-2.6081764698028564,2.854863405227661,false
2020-03-05T15:21:39.333Z,13.98691463470459,-0.2490820437669754,2.852468490600586,false
2020-03-05T15:21:39.501Z,7.714358329772949,1.1304492950439453,-0.2945874035358429,false
2020-03-05T15:21:39.674Z,15.996335983276367,4.447551250457764,5.771997451782227,false
2020-03-05T15:21:39.824Z,0.8669971227645874,1.6334034204483032,1.5591577291488647,false
2020-03-05T15:21:39.990Z,-3.0273048877716064,-1.7627344131469727,-3.312312126159668,false
2020-03-05T15:21:40.158Z,1.1999047994613647,-2.6081764698028564,-0.790356457233429,false
2020-03-05T15:21:40.334Z,9.448352813720703,-7.522756576538086,3.242856502532959,false
2020-03-05T15:21:40.489Z,6.536008358001709,1.0777587890625,1.5711328983306885,false
2020-03-05T15:21:40.653Z,23.892715454101562,-1.6453784704208374,6.356381893157959,false
2020-03-05T15:21:40.831Z,2.8692336082458496,4.208049297332764,3.5566041469573975,false
2020-03-05T15:21:40.986Z,0.8622070550918579,-4.150568962097168,-0.6801855564117432,false
2020-03-05T15:21:41.152Z,3.34344744682312,-3.64282488822937,-0.9987232089042664,false
2020-03-05T15:21:41.323Z,9.208850860595703,-2.186652898788452,2.7782227993011475,false
2020-03-05T15:21:41.492Z,18.5614013671875,-2.953059196472168,3.570974349975586,false
2020-03-05T15:21:41.648Z,22.288053512573242,1.2549903392791748,9.78126049041748,false
2020-03-05T15:21:41.831Z,5.1492919921875,5.66901159286499,2.45489501953125,false
2020-03-05T15:21:41.986Z,2.3806495666503906,-1.231040120124817,-0.10777588188648224,false
2020-03-05T15:21:42.161Z,5.870193004608154,-5.98275899887085,3.022514820098877,false
2020-03-05T15:21:42.328Z,15.651453018188477,-2.68481707572937,4.993616104125977,false
2020-03-05T15:21:42.487Z,10.777587890625,5.534890174865723,5.692961692810059,false
2020-03-05T15:21:42.658Z,11.321257591247559,-1.5088623762130737,2.9961695671081543,false
2020-03-05T15:21:42.816Z,9.61600399017334,0.10298584401607513,1.8250049352645874,false
2020-03-05T15:21:42.983Z,-2.962639331817627,-0.8981323838233948,-1.73159921169281,false
2020-03-05T15:21:43.142Z,0.6274951696395874,-2.536325693130493,-1.3220508098602295,false
2020-03-05T15:21:43.307Z,11.07696533203125,-1.9471509456634521,2.572251081466675,false
2020-03-05T15:21:43.487Z,-15.593973159790039,-0.6801855564117432,-3.1374757289886475,true
2020-03-05T15:21:43.656Z,-34.957706451416016,-1.85135018825531,-9.335786819458008,true
2020-03-05T15:21:43.807Z,-10.46384048461914,-5.896538257598877,-4.646337985992432,true
2020-03-05T15:21:43.988Z,52.4126091003418,6.004314422607422,5.360054016113281,true
2020-03-05T15:21:44.147Z,-15.500567436218262,-2.943479061126709,16.245418548583984,true
2020-03-05T15:21:44.310Z,42.442142486572266,-0.4095483720302582,5.98275899887085,true
2020-03-05T15:21:44.471Z,-10.734477996826172,-2.4309449195861816,0.4143384099006653,true
2020-03-05T15:21:44.642Z,2.282453775405884,-3.743415594100952,2.1004321575164795,true
2020-03-05T15:21:44.806Z,22.36469268798828,3.999682903289795,-1.829795002937317,true
2020-03-05T15:21:44.973Z,49.63199234008789,-7.8173441886901855,37.73353576660156,true
2020-03-05T15:21:45.142Z,-24.237598419189453,-8.471184730529785,2.306403875350952,true
2020-03-05T15:21:45.314Z,20.46304702758789,3.8583767414093018,14.487473487854004,true
2020-03-05T15:21:45.475Z,-3.4368531703948975,-6.703660011291504,10.272239685058594,true
2020-03-05T15:21:45.638Z,-5.285808563232422,-8.631650924682617,15.033537864685059,true
2020-03-05T15:21:45.799Z,12.178674697875977,-0.009580078534781933,3.779340982437134,true
2020-03-05T15:21:45.976Z,12.317585945129395,-4.375700950622559,6.203100681304932,true
2020-03-05T15:21:46.134Z,8.07361125946045,-1.8872754573822021,2.7878029346466064,false
2020-03-05T15:21:46.300Z,2.8500733375549316,5.367238998413086,-0.7328760027885437,false
2020-03-05T15:21:46.475Z,-2.785407781600952,-0.5316943526268005,1.7172291278839111,false
2020-03-05T15:21:46.634Z,3.2692017555236816,-3.899091958999634,0.7616162300109863,false
2020-03-05T15:21:46.798Z,11.596685409545898,-2.066901922225952,0.4047583043575287,false
2020-03-05T15:21:46.962Z,5.415139198303223,2.0884571075439453,0.6801855564117432,false
2020-03-05T15:21:47.137Z,21.128862380981445,0.4694238603115082,10.617121696472168,false
2020-03-05T15:21:47.300Z,3.0057497024536133,1.2118799686431885,0.48139894008636475,false
2020-03-05T15:21:47.460Z,7.743098258972168,-4.248764991760254,-0.6538403630256653,false
2020-03-05T15:21:47.625Z,13.000166893005371,1.9471509456634521,5.367238998413086,false
2020-03-05T15:21:47.796Z,0.8047266006469727,-0.3975732624530792,0.77598637342453,false
2020-03-05T15:21:47.966Z,-1.5950831174850464,-3.760180711746216,-2.9386889934539795,false
2020-03-05T15:21:48.130Z,26.89607048034668,-2.44531512260437,5.13013219833374,true
2020-03-05T15:21:48.311Z,25.207582473754883,-11.026670455932617,19.596050262451172,true
2020-03-05T15:21:48.466Z,-46.63582229614258,-6.114485263824463,-9.982441902160645,true
2020-03-05T15:21:48.653Z,47.799800872802734,-13.692327499389648,3.0392799377441406,true
2020-03-05T15:21:48.811Z,-24.256759643554688,-0.5005590915679932,10.473421096801758,true
2020-03-05T15:21:48.968Z,-22.85806655883789,-4.507426738739014,3.0464649200439453,true
2020-03-05T15:21:49.136Z,50.451087951660156,-5.415139198303223,5.815107822418213,true
2020-03-05T15:21:49.296Z,-64.89305877685547,1.197509765625,0.29219239950180054,true
2020-03-05T15:21:49.459Z,25.348888397216797,8.634045600891113,12.513978004455566,true
2020-03-05T15:21:49.626Z,60.447898864746094,-7.601792335510254,0.28261232376098633,true
2020-03-05T15:21:49.803Z,-43.97016525268555,-1.5376026630401611,9.702224731445312,true
2020-03-05T15:21:49.959Z,18.994901657104492,-4.241580009460449,-9.254355430603027,true
2020-03-05T15:21:50.145Z,10.092612266540527,5.673801422119141,2.8380982875823975,true
2020-03-05T15:21:50.327Z,5.374423980712891,-0.1652563512325287,23.593338012695312,true
2020-03-05T15:21:50.465Z,-54.340599060058594,4.888235092163086,12.31040096282959,true
2020-03-05T15:21:50.626Z,38.20295715332031,3.5278639793395996,-0.40236330032348633,true
2020-03-05T15:21:50.796Z,16.422649383544922,-0.09819580614566803,15.946041107177734,true
2020-03-05T15:21:50.958Z,13.70190715789795,-5.36963415145874,7.276069641113281,false
2020-03-05T15:21:51.125Z,-3.3147072792053223,-3.690725326538086,-1.123264193534851,false
2020-03-05T15:21:51.292Z,11.685300827026367,4.236789703369141,2.124382495880127,false
2020-03-05T15:21:51.458Z,11.512859344482422,-7.8963799476623535,3.350632429122925,false
2020-03-05T15:21:51.625Z,3.1255006790161133,7.731123447418213,-0.2347119301557541,false
2020-03-05T15:21:51.792Z,7.541916847229004,-6.227051258087158,2.2680835723876953,false
2020-03-05T15:21:51.958Z,12.947476387023926,-0.610729992389679,4.193679332733154,false
2020-03-05T15:21:52.125Z,10.389595031738281,3.1973512172698975,3.899091958999634,false
2020-03-05T15:21:52.292Z,5.980363845825195,-5.039121150970459,0.6897656321525574,false
2020-03-05T15:21:52.458Z,9.838740348815918,0.9484277963638306,1.755549430847168,false
2020-03-05T15:21:52.625Z,13.634846687316895,0.790356457233429,4.773273944854736,false
2020-03-05T15:21:52.793Z,5.709726810455322,-4.603227615356445,1.4681470394134521,false
2020-03-05T15:21:52.959Z,7.137158393859863,-2.064507007598877,2.1004321575164795,false
2020-03-05T15:21:53.125Z,5.767207145690918,-0.4430786371231079,2.296823740005493,false
2020-03-05T15:21:53.292Z,13.000166893005371,-1.341210961341858,4.035608291625977,false
2020-03-05T15:21:53.458Z,8.258028030395508,-6.325246810913086,0.29219239950180054,false
2020-03-05T15:21:53.625Z,7.426955699920654,-2.955454111099243,3.0680201053619385,false
2020-03-05T15:21:53.792Z,10.08063793182373,3.3051271438598633,4.715793609619141,false
2020-03-05T15:21:53.959Z,5.611530780792236,-5.02475118637085,1.0753638744354248,false
2020-03-05T15:21:54.125Z,11.417058944702148,-1.7196240425109863,2.854863405227661,false
2020-03-05T15:21:54.292Z,16.046630859375,0.03353027626872063,6.959927082061768,false
2020-03-05T15:21:54.459Z,3.2356715202331543,-4.057163238525391,1.7196240425109863,false
2020-03-05T15:21:54.625Z,6.116879940032959,-4.766088962554932,0.6490502953529358,false
2020-03-05T15:21:54.792Z,13.946199417114258,-4.155359268188477,1.9088306427001953,false
2020-03-05T15:21:54.958Z,4.667893409729004,-1.4154566526412964,0.11256591975688934,false
2020-03-05T15:21:55.125Z,18.032102584838867,-5.537285327911377,6.720425128936768,false
2020-03-05T15:21:55.292Z,1.9782862663269043,-1.171164631843567,7.771838665008545,false
2020-03-05T15:21:55.458Z,-2.083667039871216,-2.1674928665161133,-5.077441692352295,false
2020-03-05T15:21:55.625Z,7.9466753005981445,-4.049978256225586,4.018843173980713,false
2020-03-05T15:21:55.792Z,16.678916931152344,-0.8454419374465942,7.807764053344727,false
2020-03-05T15:21:55.959Z,4.136198997497559,2.5698561668395996,-4.818779468536377,false
2020-03-05T15:21:56.125Z,7.812553882598877,-2.3087990283966064,-3.7074904441833496,false
2020-03-05T15:21:56.292Z,13.436059951782227,1.7172291278839111,6.133645057678223,false
2020-03-05T15:21:56.458Z,5.115761756896973,-3.872746706008911,0.9244775772094727,false
2020-03-05T15:21:56.625Z,5.022356033325195,-0.4334985613822937,0.3185376226902008,false
2020-03-05T15:21:56.793Z,5.635481357574463,-0.8310717940330505,2.2177882194519043,false
2020-03-05T15:21:56.958Z,5.539680480957031,-5.005590915679932,-0.5173242688179016,false
2020-03-05T15:21:57.130Z,7.266489505767822,-4.095483779907227,-3.273991823196411,false
2020-03-05T15:21:57.292Z,18.81287956237793,-3.324287176132202,4.742138862609863,false
2020-03-05T15:21:57.458Z,10.128538131713867,3.731440544128418,0.22752685844898224,false
2020-03-05T15:21:57.625Z,11.77152156829834,-1.0993139743804932,0.2897973656654358,false
2020-03-05T15:21:57.792Z,-14.7197904586792,0.22034180164337158,-8.650811195373535,false
2020-03-05T15:21:57.958Z,12.815750122070312,6.636599540710449,3.779340982437134,false
2020-03-05T15:21:58.125Z,23.583757400512695,-4.821174621582031,10.88296890258789,false
2020-03-05T15:21:58.292Z,8.337063789367676,0.20597168803215027,0.4837939739227295,false
2020-03-05T15:21:58.459Z,10.674602508544922,-0.7616162300109863,9.345366477966309,false
2020-03-05T15:21:58.639Z,8.816067695617676,-1.0106983184814453,3.180586099624634,false
2020-03-05T15:21:58.792Z,23.852001190185547,-4.069138526916504,8.710686683654785,false
2020-03-05T15:21:58.958Z,1.5280225276947021,-0.7400610446929932,-2.8692336082458496,false
2020-03-05T15:21:59.125Z,11.153606414794922,-6.454577922821045,2.8261232376098633,false
2020-03-05T15:21:59.292Z,10.624306678771973,1.820214867591858,2.6776318550109863,false
2020-03-05T15:21:59.459Z,6.246211051940918,-4.361330986022949,-1.326840877532959,false
2020-03-05T15:21:59.625Z,15.098203659057617,1.1448193788528442,3.2955470085144043,false
2020-03-05T15:21:59.792Z,4.387675762176514,-1.9926563501358032,-0.5221142768859863,false
2020-03-05T15:21:59.958Z,6.423442840576172,-2.5004005432128906,-0.0598754920065403,false
2020-03-05T15:22:00.125Z,14.523399353027344,-2.533930778503418,5.951623916625977,false
2020-03-05T15:22:00.292Z,4.325405597686768,-2.174677848815918,-1.326840877532959,false
2020-03-05T15:22:00.459Z,6.773115634918213,-2.6464967727661133,2.775827646255493,false
2020-03-05T15:22:00.625Z,8.032896041870117,-3.3075220584869385,2.665656805038452,false
2020-03-05T15:22:00.792Z,13.625267028808594,0.16046631336212158,3.750600814819336,false
2020-03-05T15:22:00.958Z,3.652405023574829,1.6214282512664795,1.85135018825531,false
2020-03-05T15:22:01.125Z,11.8457670211792,-4.05237340927124,2.9171338081359863,false
2020-03-05T15:22:01.292Z,9.714200019836426,-0.14849121868610382,1.939965844154358,false
2020-03-05T15:22:01.459Z,12.779825210571289,-0.3784131109714508,6.236630916595459,false
2020-03-05T15:22:01.625Z,7.273674488067627,-2.155517578125,1.7172291278839111,false
2020-03-05T15:22:01.792Z,7.1203932762146,-3.1494507789611816,-0.26584717631340027,false
2020-03-05T15:22:01.958Z,13.4025297164917,-0.2778222858905792,1.161584496498108,false
2020-03-05T15:22:02.125Z,12.427757263183594,0.021555176004767418,6.756350517272949,false
2020-03-05T15:22:02.292Z,6.418652534484863,-4.301455497741699,0.6897656321525574,false
2020-03-05T15:22:02.459Z,10.61951732635498,-2.5914113521575928,0.4646338224411011,false
2020-03-05T15:22:02.625Z,11.824212074279785,-0.7783814072608948,6.394702434539795,false
2020-03-05T15:22:02.792Z,3.2883620262145996,-2.383044481277466,0.910107433795929,false
2020-03-05T15:22:02.958Z,5.831872940063477,-1.9567310810089111,1.755549430847168,false
2020-03-05T15:22:03.125Z,9.043594360351562,3.9374122619628906,4.622387886047363,false
2020-03-05T15:22:03.292Z,7.618557453155518,-1.2885205745697021,0.9604028463363647,false
2020-03-05T15:22:03.458Z,4.979245662689209,-3.70270037651062,1.0562036037445068,false
2020-03-05T15:22:03.625Z,8.849597930908203,-6.957531929016113,1.396296501159668,false
2020-03-05T15:22:03.791Z,8.123906135559082,-3.6092946529388428,2.4716603755950928,false
2020-03-05T15:22:03.958Z,7.04614782333374,-3.0273048877716064,2.1076173782348633,false
2020-03-05T15:22:04.125Z,14.906601905822754,1.9423608779907227,6.684499740600586,false
2020-03-05T15:22:04.292Z,3.961362361907959,0.6394702196121216,2.332749128341675,false
2020-03-05T15:22:04.458Z,8.07361125946045,-7.343130111694336,2.68481707572937,false
2020-03-05T15:22:04.625Z,11.805051803588867,-0.016765138134360313,5.185217380523682,false
2020-03-05T15:22:04.792Z,9.747730255126953,2.732717514038086,2.553090810775757,false
2020-03-05T15:22:04.958Z,12.621753692626953,1.566342830657959,2.584226131439209,false
2020-03-05T15:22:05.125Z,8.804092407226562,-0.9388477206230164,2.383044481277466,true
2020-03-05T15:22:05.292Z,32.31599807739258,0.9412426948547363,20.621118545532227,true
2020-03-05T15:22:05.458Z,3.8847217559814453,2.715952157974243,8.389753341674805,true
2020-03-05T15:22:05.625Z,-22.860462188720703,-7.9370951652526855,-1.5998730659484863,true
2020-03-05T15:22:05.792Z,29.509037017822266,2.955454111099243,-5.815107822418213,true
2020-03-05T15:22:05.958Z,-1.1855347156524658,-3.580554246902466,6.246211051940918,true
2020-03-05T15:22:06.125Z,-13.500725746154785,-3.693120241165161,-5.98275899887085,true
2020-03-05T15:22:06.292Z,27.758277893066406,-1.2765454053878784,5.793552398681641,true
2020-03-05T15:22:06.458Z,27.3918399810791,-11.17276668548584,35.15888977050781,true
2020-03-05T15:22:06.625Z,-41.623046875,1.0897339582443237,-16.468154907226562,true
2020-03-05T15:22:06.792Z,-18.0823974609375,-4.945715427398682,-20.357666015625,true
2020-03-05T15:22:06.958Z,11.819421768188477,-7.82452917098999,11.30209732055664,true
2020-03-05T15:22:07.125Z,-16.19512367248535,-0.41194337606430054,12.77503490447998,true
2020-03-05T15:22:07.292Z,12.9235258102417,-2.282453775405884,9.948911666870117,true
2020-03-05T15:22:07.458Z,55.308189392089844,-11.737991333007812,19.105072021484375,true
2020-03-05T15:22:07.625Z,-53.79453659057617,-5.0031962394714355,-4.955295562744141,true
2020-03-05T15:22:07.792Z,3.2668068408966064,-1.9902613162994385,1.0370434522628784,true
2020-03-05T15:22:07.959Z,41.68292236328125,2.1315674781799316,8.650811195373535,true
2020-03-05T15:22:08.125Z,-16.444204330444336,1.6669336557388306,3.2165112495422363,true
2020-03-05T15:22:08.292Z,47.780643463134766,-6.682104587554932,6.967112064361572,true
2020-03-05T15:22:08.458Z,-16.472944259643555,-4.746928691864014,-1.5878980159759521,true
2020-03-05T15:22:08.625Z,-11.110496520996094,-0.1700463891029358,-5.460644721984863,true
2020-03-05T15:22:08.792Z,3.3075220584869385,3.324287176132202,2.9171338081359863,true
2020-03-05T15:22:08.958Z,32.07410430908203,1.0322535037994385,9.668694496154785,true
2020-03-05T15:22:09.125Z,19.44037437438965,-8.737031936645508,16.54000473022461,true
2020-03-05T15:22:09.292Z,0.5269043445587158,11.512859344482422,1.183139681816101,true
2020-03-05T15:22:09.458Z,2.6704468727111816,-17.098045349121094,-0.1341211050748825,true
2020-03-05T15:22:09.625Z,7.2185893058776855,-9.898615837097168,9.582473754882812,true
2020-03-05T15:22:09.793Z,36.90006637573242,-10.806328773498535,7.012617588043213,true
2020-03-05T15:22:09.958Z,-2.483635425567627,-7.846084117889404,-1.6789087057113647,true
2020-03-05T15:22:10.125Z,2.9674293994903564,2.2872438430786133,4.346960544586182,true
2020-03-05T15:22:10.292Z,8.025711059570312,1.4370118379592896,6.3899126052856445,true
2020-03-05T15:22:10.458Z,-19.837947845458984,-2.4405250549316406,-5.053491592407227,true
2020-03-05T15:22:10.625Z,14.612014770507812,-12.147539138793945,4.919370174407959,true
2020-03-05T15:22:10.793Z,8.916658401489258,-2.656076669692993,16.966320037841797,true
2020-03-05T15:22:10.959Z,6.801855564117432,-1.949545979499817,10.576406478881836,true
2020-03-05T15:22:11.125Z,9.968071937561035,-2.4381299018859863,2.9482691287994385,true
2020-03-05T15:22:11.292Z,-8.2532377243042,7.491621494293213,0.2490820437669754,true
2020-03-05T15:22:11.458Z,10.516530990600586,-0.19639161229133606,4.083508491516113,true
2020-03-05T15:22:11.625Z,21.78030776977539,-4.035608291625977,1.3531861305236816,true
2020-03-05T15:22:11.792Z,-4.519402027130127,-0.14130616188049316,5.139712333679199,false
2020-03-05T15:22:11.963Z,3.8368215560913086,-2.2800586223602295,2.0357666015625,false
2020-03-05T15:22:12.125Z,29.477901458740234,-9.790840148925781,8.760981559753418,false
2020-03-05T15:22:12.292Z,1.5950831174850464,-0.4287085235118866,0.19160157442092896,false
2020-03-05T15:22:12.458Z,-9.283096313476562,0.387993186712265,-4.636757850646973,false
2020-03-05T15:22:12.625Z,6.924001693725586,-1.4489868879318237,2.612966537475586,false
2020-03-05T15:22:12.792Z,3.9565725326538086,-1.1639795303344727,5.757627010345459,false
2020-03-05T15:22:12.958Z,0.5460644960403442,-1.3891113996505737,-2.064507007598877,false
2020-03-05T15:22:13.125Z,26.43622589111328,-4.179309368133545,13.012141227722168,false
2020-03-05T15:22:13.292Z,8.2532377243042,-0.9316626191139221,-0.4742138981819153,false
2020-03-05T15:22:13.458Z,5.230722904205322,-0.9651929140090942,-2.1818628311157227,false
2020-03-05T15:22:13.625Z,24.48668098449707,-6.583909034729004,10.209968566894531,false
2020-03-05T15:22:13.792Z,-2.186652898788452,-0.9460327625274658,-3.939807415008545,false
2020-03-05T15:22:13.958Z,9.611213684082031,-3.202141284942627,3.312312126159668,false
2020-03-05T15:22:14.125Z,25.935667037963867,-1.2789404392242432,10.566826820373535,false
2020-03-05T15:22:14.292Z,-4.181704044342041,0.2442920058965683,-5.530100345611572,false
2020-03-05T15:22:14.458Z,13.864768981933594,-3.731440544128418,4.083508491516113,false
2020-03-05T15:22:14.625Z,12.090059280395508,1.5711328983306885,8.430469512939453,false
2020-03-05T15:22:14.792Z,-0.3927832245826721,-0.9148975014686584,-2.5890161991119385,false
2020-03-05T15:22:14.958Z,10.420730590820312,-2.354304313659668,1.935175895690918,false
2020-03-05T15:22:15.125Z,26.352401733398438,-0.907712459564209,11.1272611618042,false
2020-03-05T15:22:15.292Z,0.21794678270816803,0.6011499166488647,-1.91122567653656,false
2020-03-05T15:22:15.458Z,2.965034246444702,-1.302890658378601,-3.381767749786377,false
2020-03-05T15:22:15.625Z,19.902612686157227,-0.6658154726028442,5.434299468994141,false
2020-03-05T15:22:15.861Z,27.588232040405273,-2.502795457839966,9.524992942810059,false
2020-03-05T15:22:16.032Z,1.3651611804962158,-0.787961483001709,-2.1483325958251953,false
2020-03-05T15:22:16.177Z,11.53201961517334,-0.20836670696735382,3.180586099624634,false
2020-03-05T15:22:16.349Z,28.057655334472656,-2.5914113521575928,8.229287147521973,false
2020-03-05T15:22:16.511Z,1.2885205745697021,0.009580078534781933,-1.1184741258621216,false
2020-03-05T15:22:16.673Z,5.882168292999268,-2.3207740783691406,-1.4274317026138306,false
2020-03-05T15:22:16.854Z,19.962488174438477,-0.08382568508386612,6.957531929016113,false
2020-03-05T15:22:17.011Z,12.573853492736816,-2.1124072074890137,2.775827646255493,false
2020-03-05T15:22:17.171Z,6.964716911315918,4.133803844451904,2.023791551589966,false
2020-03-05T15:22:17.340Z,9.02682876586914,0.5604345798492432,3.8847217559814453,false
2020-03-05T15:22:17.505Z,-4.090693473815918,3.3697926998138428,-3.4871485233306885,false
2020-03-05T15:22:17.671Z,9.39087200164795,-6.399492263793945,1.1208691596984863,false
2020-03-05T15:22:17.841Z,9.898615837097168,3.563789129257202,-1.4441968202590942,false
2020-03-05T15:22:18.008Z,16.04423713684082,-0.6825805902481079,8.665181159973145,false
2020-03-05T15:22:18.168Z,-0.9651929140090942,-0.1341211050748825,-3.5374441146850586,false
2020-03-05T15:22:18.341Z,10.205178260803223,-1.6381934881210327,2.612966537475586,false
2020-03-05T15:22:18.505Z,6.2007060050964355,-1.9782862663269043,2.1483325958251953,false
2020-03-05T15:22:18.673Z,3.6739602088928223,-2.9291090965270996,1.0609936714172363,false
2020-03-05T15:22:18.834Z,5.314548492431641,-4.4858717918396,-1.7747095823287964,false
2020-03-05T15:22:19.001Z,12.248130798339844,-2.4884254932403564,1.8537452220916748,false
2020-03-05T15:22:19.167Z,5.467829704284668,0.07664062827825546,4.18649435043335,false
2020-03-05T15:22:19.338Z,2.9770092964172363,-3.6380348205566406,-2.6081764698028564,false
2020-03-05T15:22:19.501Z,6.514453411102295,-3.4943337440490723,0.3592529594898224,false
2020-03-05T15:22:19.666Z,26.963130950927734,-2.545905828475952,3.341052293777466,false
2020-03-05T15:22:19.834Z,3.9158570766448975,7.129973411560059,-1.9830762147903442,false
2020-03-05T15:22:20.002Z,1.6908838748931885,3.5542092323303223,2.3614892959594727,false
2020-03-05T15:22:20.173Z,0.5484594702720642,-2.014211416244507,-1.9758912324905396,false
2020-03-05T15:22:20.328Z,14.528188705444336,-1.1184741258621216,5.213957786560059,false
2020-03-05T15:22:20.502Z,16.755558013916016,-3.242856502532959,12.363091468811035,false
2020-03-05T15:22:20.666Z,-0.46223878860473633,-2.953059196472168,-4.193679332733154,false
2020-03-05T15:22:20.827Z,11.464959144592285,-4.871469974517822,2.426154851913452,false
2020-03-05T15:22:20.986Z,15.684983253479004,3.5853443145751953,6.136040210723877,false
2020-03-05T15:22:21.154Z,-0.5292993187904358,4.866679668426514,-4.138594150543213,false
2020-03-05T15:22:21.330Z,7.731123447418213,-1.8226099014282227,0.7041357755661011,false
2020-03-05T15:22:21.489Z,16.741188049316406,-1.336421012878418,8.14306640625,false
2020-03-05T15:22:21.652Z,3.491938591003418,3.939807415008545,1.4058765172958374,false
2020-03-05T15:22:21.825Z,2.641706705093384,-2.7901978492736816,0.6251001358032227,false
2020-03-05T15:22:21.989Z,5.690566539764404,-4.435576438903809,-0.14370118081569672,false
2020-03-05T15:22:22.153Z,17.478853225708008,-2.4213647842407227,4.916975498199463,false
2020-03-05T15:22:22.322Z,9.3309965133667,4.775669097900391,6.078559875488281,false
2020-03-05T15:22:22.488Z,-0.43110352754592896,-0.7089257836341858,-3.2189064025878906,false
2020-03-05T15:22:22.651Z,11.309282302856445,-0.3832031488418579,4.275110244750977,false
2020-03-05T15:22:22.830Z,30.656251907348633,0.4239184856414795,9.402847290039062,false
2020-03-05T15:22:23.000Z,2.6105713844299316,0.4191284477710724,-0.8861572742462158,false
2020-03-05T15:22:23.152Z,15.086228370666504,-4.677473545074463,5.807922840118408,false
2020-03-05T15:22:23.311Z,9.867481231689453,-3.760180711746216,3.0081446170806885,false
2020-03-05T15:22:23.495Z,6.339616775512695,1.6070581674575806,-1.865720272064209,false
2020-03-05T15:22:23.667Z,11.326047897338867,-6.001919269561768,5.932463645935059,false
2020-03-05T15:22:23.811Z,-0.3329077363014221,-1.0083032846450806,-3.8248462677001953,false
2020-03-05T15:22:23.978Z,2.196233034133911,-2.1004321575164795,0.5795947313308716,false
2020-03-05T15:22:24.148Z,18.63564682006836,-2.5483009815216064,8.018526077270508,false
2020-03-05T15:22:24.315Z,20.290605545043945,0.8981323838233948,10.305769920349121,false
2020-03-05T15:22:24.476Z,1.4585669040679932,2.732717514038086,0.9196875095367432,false
2020-03-05T15:22:24.648Z,8.334668159484863,3.1302907466888428,0.730480968952179,false
2020-03-05T15:22:24.805Z,4.299060344696045,-1.386716365814209,-0.7137158513069153,false
2020-03-05T15:22:24.973Z,22.76466178894043,0.969982922077179,0.7975415587425232,false
2020-03-05T15:22:25.151Z,14.350957870483398,4.447551250457764,-3.1398706436157227,false
2020-03-05T15:22:25.308Z,-4.026028156280518,-1.111289143562317,-5.954018592834473,false
2020-03-05T15:22:25.470Z,14.006074905395508,0.4047583043575287,-1.6669336557388306,false
2020-03-05T15:22:25.634Z,4.045187950134277,5.647456169128418,-5.060676574707031,false
2020-03-05T15:22:25.808Z,0.6634204387664795,-1.7124390602111816,-5.640271186828613,false
2020-03-05T15:22:25.975Z,15.814314842224121,0.1197509840130806,2.7303223609924316,false
2020-03-05T15:22:26.137Z,-4.811594486236572,0.21794678270816803,-4.66549825668335,false
2020-03-05T15:22:26.301Z,6.215075969696045,-3.623664617538452,1.6046631336212158,false
2020-03-05T15:22:26.467Z,20.036733627319336,1.781894564628601,25.166866302490234,false
2020-03-05T15:22:26.640Z,-1.302890658378601,-0.8430469036102295,3.7553908824920654,false
2020-03-05T15:22:26.813Z,4.47150182723999,-0.35685792565345764,3.9877076148986816,false
2020-03-05T15:22:26.970Z,10.686577796936035,0.1700463891029358,12.391831398010254,false
2020-03-05T15:22:27.137Z,-2.502795457839966,1.6645386219024658,-0.1939965933561325,false
2020-03-05T15:22:27.304Z,1.865720272064209,-1.7531543970108032,6.526428699493408,false
2020-03-05T15:22:27.467Z,14.71500015258789,-1.0705738067626953,25.389602661132812,false
2020-03-05T15:22:27.636Z,-1.6286133527755737,0.65623539686203,-0.6825805902481079,false
2020-03-05T15:22:27.798Z,-3.1949563026428223,-3.513493776321411,3.3362624645233154,false
2020-03-05T15:22:27.967Z,5.580395698547363,-1.9687061309814453,4.825964450836182,false
2020-03-05T15:22:28.139Z,7.850874423980713,-1.7339942455291748,4.009263038635254,false
2020-03-05T15:22:28.294Z,7.192244052886963,-1.3531861305236816,4.433181285858154,false
2020-03-05T15:22:28.467Z,23.717880249023438,-5.163662433624268,16.664546966552734,false
2020-03-05T15:22:28.631Z,3.5374441146850586,1.5495777130126953,-0.5245093107223511,false
2020-03-05T15:22:28.797Z,6.526428699493408,-0.05029541254043579,0.89573734998703,false
2020-03-05T15:22:28.961Z,13.61329174041748,0.3496728539466858,-0.2730322480201721,false
2020-03-05T15:22:29.125Z,13.639636993408203,-0.10777588188648224,6.483318328857422,false
2020-03-05T15:22:29.291Z,8.399333953857422,1.2502002716064453,5.110971927642822,false
2020-03-05T15:22:29.469Z,2.1100122928619385,1.1879297494888306,2.064507007598877,false
2020-03-05T15:22:29.625Z,9.577683448791504,-3.060835123062134,2.344724178314209,false
2020-03-05T15:22:29.794Z,6.871311187744141,1.985471248626709,1.7148340940475464,false
2020-03-05T15:22:29.959Z,12.039763450622559,-0.550854504108429,4.160149097442627,false
2020-03-05T15:22:30.129Z,-1.8872754573822021,-1.5495777130126953,-0.2945874035358429,false
2020-03-05T15:22:30.292Z,6.052214622497559,-3.221301317214966,3.2763869762420654,false
2020-03-05T15:22:30.462Z,10.025551795959473,-3.7338356971740723,3.0991554260253906,false
2020-03-05T15:22:30.625Z,5.589975833892822,-0.5029541254043579,5.281018257141113,false
2020-03-05T15:22:30.794Z,6.547983646392822,-1.55197274684906,7.759863376617432,false
2020-03-05T15:22:30.965Z,9.156160354614258,-0.5197192430496216,4.435576438903809,false
2020-03-05T15:22:31.125Z,7.975415229797363,-2.344724178314209,1.1807446479797363,false
2020-03-05T15:22:31.292Z,7.403005599975586,-3.0368847846984863,1.8465601205825806,false
2020-03-05T15:22:31.458Z,8.272397994995117,-0.7640112638473511,3.4991235733032227,false
2020-03-05T15:22:31.625Z,5.5420756340026855,-0.29219239950180054,1.542392611503601,false
2020-03-05T15:22:31.795Z,4.756508827209473,-1.8872754573822021,1.9423608779907227,false
2020-03-05T15:22:31.958Z,8.243657112121582,-1.2837305068969727,-0.31135255098342896,false
2020-03-05T15:22:32.125Z,11.148816108703613,-0.34727784991264343,2.4309449195861816,false
2020-03-05T15:22:32.308Z,10.973979949951172,-1.2693604230880737,2.6872119903564453,false
2020-03-05T15:22:32.486Z,-8.0137357711792,-1.101709008216858,-3.154240846633911,true
2020-03-05T15:22:32.625Z,-16.216678619384766,-2.3902297019958496,-2.435734987258911,true
2020-03-05T15:22:32.792Z,13.977334976196289,-3.022514820098877,11.740386009216309,true
2020-03-05T15:22:32.962Z,52.42219161987305,-4.105063438415527,19.2799072265625,true
2020-03-05T15:22:33.126Z,-27.487640380859375,-5.635481357574463,4.402046203613281,true
2020-03-05T15:22:33.292Z,70.552490234375,-10.722502708435059,40.81592559814453,true
2020-03-05T15:22:33.458Z,24.17532730102539,0.07424560934305191,28.716285705566406,true
2020-03-05T15:22:33.625Z,-44.01567077636719,0.32093262672424316,-14.21204662322998,true
2020-03-05T15:22:33.792Z,15.340100288391113,0.9196875095367432,-0.8669971227645874,true
2020-03-05T15:22:33.958Z,-9.733359336853027,-0.004790039267390966,11.419453620910645,true
2020-03-05T15:22:34.125Z,-20.30976676940918,-1.575922966003418,-9.908196449279785,true
2020-03-05T15:22:34.292Z,12.470867156982422,0.8765771985054016,9.522598266601562,true
2020-03-05T15:22:34.458Z,60.06709289550781,0.5795947313308716,32.90038299560547,true
2020-03-05T15:22:34.625Z,-16.2861328125,-2.775827646255493,-6.243816375732422,true
2020-03-05T15:22:34.792Z,22.22578239440918,4.073928356170654,6.909631729125977,true
2020-03-05T15:22:34.958Z,33.774566650390625,-4.452341556549072,18.72426414489746,true
2020-03-05T15:22:35.125Z,-4.90500020980835,-2.9291090965270996,-2.236948251724243,false
2020-03-05T15:22:35.292Z,-3.4751734733581543,-1.8920655250549316,0.15567627549171448,false
2020-03-05T15:22:35.458Z,45.778404235839844,-5.570815563201904,4.277504920959473,false
2020-03-05T15:22:35.625Z,7.52515172958374,1.8250049352645874,3.6452198028564453,false
2020-03-05T15:22:35.792Z,7.137158393859863,-0.01197509840130806,1.3148658275604248,false
2020-03-05T15:22:35.958Z,5.257068157196045,-0.5125342011451721,-0.8406518697738647,false
2020-03-05T15:22:36.125Z,3.3482375144958496,1.5280225276947021,-3.331472396850586,false
2020-03-05T15:22:36.292Z,18.87275505065918,-3.312312126159668,9.299860954284668,false
2020-03-05T15:22:36.458Z,17.955461502075195,2.0405566692352295,8.004155158996582,false
2020-03-05T15:22:36.627Z,7.230564117431641,-0.42152345180511475,-0.9340576529502869,false
2020-03-05T15:22:36.791Z,8.566985130310059,2.404599666595459,-0.8861572742462158,false
2020-03-05T15:22:36.958Z,-8.873547554016113,-1.2693604230880737,-5.709726810455322,false
2020-03-05T15:22:37.125Z,11.747570991516113,0.7472461462020874,10.243498802185059,false
2020-03-05T15:22:37.292Z,15.474222183227539,-1.2741504907608032,1.1041040420532227,false
2020-03-05T15:22:37.458Z,4.813989639282227,-1.760339379310608,-0.23710694909095764,false
2020-03-05T15:22:37.625Z,6.136040210723877,-4.552932262420654,2.1722826957702637,false
2020-03-05T15:22:37.791Z,11.773916244506836,-1.935175895690918,1.01788330078125,false
2020-03-05T15:22:37.958Z,11.570340156555176,0.7256909608840942,8.016130447387695,false
2020-03-05T15:22:38.125Z,2.732717514038086,0.9867480993270874,1.1807446479797363,false
2020-03-05T15:22:38.292Z,7.7766289710998535,-2.3471193313598633,0.040715333074331284,false
2020-03-05T15:22:38.458Z,24.881858825683594,2.6177563667297363,9.158555030822754,false
2020-03-05T15:22:38.625Z,7.412585735321045,-1.6525635719299316,3.1997461318969727,false
2020-03-05T15:22:38.792Z,34.792449951171875,-5.360054016113281,15.143709182739258,false
2020-03-05T15:22:38.958Z,-34.7972412109375,0.42152345180511475,-8.528664588928223,false
2020-03-05T15:22:39.125Z,1.805844783782959,1.91122567653656,-1.8441650867462158,false
2020-03-05T15:22:39.291Z,6.935976982116699,2.955454111099243,5.4223246574401855,false
2020-03-05T15:22:39.458Z,-0.23231691122055054,2.92431902885437,-8.413703918457031,false
2020-03-05T15:22:39.625Z,1.8321900367736816,0.5939648747444153,-7.271279811859131,false
2020-03-05T15:22:39.791Z,13.960569381713867,-3.0368847846984863,-0.3784131109714508,false
2020-03-05T15:22:39.958Z,19.749332427978516,2.5602760314941406,2.177072763442993,false
2020-03-05T15:22:40.125Z,2.86444354057312,3.743415594100952,-0.11256591975688934,false
2020-03-05T15:22:40.292Z,12.904365539550781,1.5831079483032227,-2.042951822280884,false
2020-03-05T15:22:40.458Z,-31.729219436645508,-3.273991823196411,-23.150259017944336,false
2020-03-05T15:22:40.625Z,14.743741035461426,-6.047424793243408,15.172449111938477,false
2020-03-05T15:22:40.792Z,21.66055679321289,-1.626218318939209,8.265213012695312,false
2020-03-05T15:22:40.958Z,12.90915584564209,-5.642666339874268,6.935976982116699,false
2020-03-05T15:22:41.126Z,8.7322416305542,-2.0980372428894043,0.53887939453125,true
2020-03-05T15:22:41.291Z,-35.53011703491211,-10.945240020751953,-21.504880905151367,true
2020-03-05T15:22:41.458Z,-27.42057991027832,-3.1901662349700928,-2.39501953125,true
2020-03-05T15:22:41.625Z,13.713882446289062,-0.5891748070716858,-0.19160157442092896,true
2020-03-05T15:22:41.792Z,9.812395095825195,-1.8872754573822021,15.086228370666504,true
2020-03-05T15:22:41.959Z,-28.979738235473633,-5.858218193054199,-6.813830852508545,true
2020-03-05T15:22:42.125Z,-5.1492919921875,2.5315358638763428,-5.654641151428223,true
2020-03-05T15:22:42.291Z,-9.817185401916504,-1.2358301877975464,2.725532293319702,true
2020-03-05T15:22:42.458Z,-16.92799949645996,-4.902605056762695,-9.637558937072754,true
2020-03-05T15:22:42.625Z,3.460803270339966,6.593489170074463,3.3051271438598633,true
2020-03-05T15:22:42.792Z,11.912827491760254,-2.074086904525757,4.818779468536377,false
2020-03-05T15:22:42.958Z,6.061794757843018,-1.5783178806304932,2.2992188930511475,false
2020-03-05T15:22:43.125Z,8.341853141784668,-1.91122567653656,2.1076173782348633,false
2020-03-05T15:22:43.291Z,6.2605814933776855,-0.20836670696735382,0.29219239950180054,false
2020-03-05T15:22:43.458Z,8.495134353637695,0.2490820437669754,1.3891113996505737,false
2020-03-05T15:22:43.625Z,7.932304859161377,0.328117698431015,5.556445598602295,false
2020-03-05T15:22:43.792Z,7.793394088745117,0.5221142768859863,4.014052867889404,false
2020-03-05T15:22:43.958Z,8.66757583618164,0.7065308094024658,3.1877710819244385,false